Assay,Condition,Embryo ID,Nucleus ID,Myod::nG Fluorescence intensity,H2B::mCh Fluorescence intensity,Relative Fluorescence Intensity
Assay 1,Tbx6b>LacZ,Embryo#1,1,9154236,10399746,0.88
Assay 1,Tbx6b>LacZ,Embryo#1,2,6968402,10107332,0.69
Assay 1,Tbx6b>LacZ,Embryo#1,3,8485334,13127294,0.65
Assay 1,Tbx6b>LacZ,Embryo#1,4,6374123,7036688,0.91
Assay 1,Tbx6b>LacZ,Embryo#1,5,12368214,17911464,0.69
Assay 1,Tbx6b>LacZ,Embryo#1,6,15855880,12912986,1.23
Assay 1,Tbx6b>LacZ,Embryo#1,7,9201364,12512109,0.74
Assay 1,Tbx6b>LacZ,Embryo#1,8,11464388,17539202,0.65
Assay 1,Tbx6b>LacZ,Embryo#1,9,10918462,10306566,1.06
Assay 1,Tbx6b>LacZ,Embryo#1,10,22020946,15603198,1.41
Assay 1,Tbx6b>LacZ,Embryo#1,11,9321354,12663439,0.74
Assay 1,Tbx6b>LacZ,Embryo#1,12,14162577,12504950,1.13
Assay 1,Tbx6b>LacZ,Embryo#1,13,4765469,4729503,1.01
Assay 1,Tbx6b>LacZ,Embryo#1,14,8755563,10317897,0.85
Assay 1,Tbx6b>LacZ,Embryo#1,15,7881714,10518920,0.75
Assay 1,Tbx6b>LacZ,Embryo#1,16,2789448,6139884,0.45
Assay 1,Tbx6b>LacZ,Embryo#1,17,15684908,8456891,1.85
Assay 1,Tbx6b>LacZ,Embryo#1,18,5416310,7829229,0.69
Assay 1,Tbx6b>LacZ,Embryo#1,19,12095948,7320853,1.65
Assay 1,Tbx6b>LacZ,Embryo#1,20,6740917,7621838,0.88
Assay 1,Tbx6b>LacZ,Embryo#1,21,7646126,10429804,0.73
Assay 1,Tbx6b>LacZ,Embryo#1,22,8422865,12328238,0.68
Assay 1,Tbx6b>LacZ,Embryo#1,23,4723226,5609443,0.84
Assay 1,Tbx6b>LacZ,Embryo#1,24,11780175,10650733,1.11
Assay 1,Tbx6b>LacZ,Embryo#1,25,8541709,10772447,0.79
Assay 1,Tbx6b>LacZ,Embryo#1,26,12938178,18242511,0.71
Assay 1,Tbx6b>LacZ,Embryo#1,27,2872042,6861607,0.42
Assay 1,Tbx6b>LacZ,Embryo#1,28,6028974,8453891,0.71
Assay 1,Tbx6b>LacZ,Embryo#1,29,25256943,32790542,0.77
Assay 1,Tbx6b>LacZ,Embryo#1,30,8341118,10286448,0.81
Assay 1,Tbx6b>LacZ,Embryo#1,31,17243683,9586413,1.8
Assay 1,Tbx6b>LacZ,Embryo#1,32,20287761,10752562,1.89
Assay 1,Tbx6b>LacZ,Embryo#1,33,18846435,16106825,1.17
Assay 1,Tbx6b>LacZ,Embryo#1,34,10640016,13475225,0.79
Assay 1,Tbx6b>LacZ,Embryo#2,1,12810176,12517441,1.02
Assay 1,Tbx6b>LacZ,Embryo#2,2,4783773,5808300,0.82
Assay 1,Tbx6b>LacZ,Embryo#2,3,8943596,8012091,1.12
Assay 1,Tbx6b>LacZ,Embryo#2,4,4047688,5358336,0.76
Assay 1,Tbx6b>LacZ,Embryo#2,5,7798059,9572795,0.81
Assay 1,Tbx6b>LacZ,Embryo#2,6,2200305,2172199,1.01
Assay 1,Tbx6b>LacZ,Embryo#2,7,7805202,7703050,1.01
Assay 1,Tbx6b>LacZ,Embryo#2,8,6616457,7404616,0.89
Assay 1,Tbx6b>LacZ,Embryo#2,9,5721319,6700796,0.85
Assay 1,Tbx6b>LacZ,Embryo#2,10,8239154,9193361,0.9
Assay 1,Tbx6b>LacZ,Embryo#2,11,7582243,10384901,0.73
Assay 1,Tbx6b>LacZ,Embryo#2,12,23108649,25235568,0.92
Assay 1,Tbx6b>LacZ,Embryo#2,13,940434,1295899,0.73
Assay 1,Tbx6b>LacZ,Embryo#2,14,12528314,12342622,1.02
Assay 1,Tbx6b>LacZ,Embryo#2,15,796168,1127678,0.71
Assay 1,Tbx6b>LacZ,Embryo#2,16,2531921,2807776,0.9
Assay 1,Tbx6b>LacZ,Embryo#2,17,3209566,6166496,0.52
Assay 1,Tbx6b>LacZ,Embryo#2,18,13714670,18683578,0.73
Assay 1,Tbx6b>LacZ,Embryo#2,19,8557347,5640353,1.52
Assay 1,Tbx6b>LacZ,Embryo#2,20,7468283,10900122,0.69
Assay 1,Tbx6b>LacZ,Embryo#2,21,4388089,4898110,0.9
Assay 1,Tbx6b>LacZ,Embryo#2,22,10187639,6691296,1.52
Assay 1,Tbx6b>LacZ,Embryo#2,23,10280588,9848030,1.04
Assay 1,Tbx6b>LacZ,Embryo#2,24,10907224,11179307,0.98
Assay 1,Tbx6b>LacZ,Embryo#2,25,8935274,7568847,1.18
Assay 1,Tbx6b>LacZ,Embryo#2,26,4690453,8625648,0.54
Assay 1,Tbx6b>LacZ,Embryo#2,27,7180431,9248415,0.78
Assay 1,Tbx6b>LacZ,Embryo#2,28,4267028,5634435,0.76
Assay 1,Tbx6b>LacZ,Embryo#2,29,4039459,4746626,0.85
Assay 1,Tbx6b>LacZ,Embryo#3,1,34245732,29507602,1.16
Assay 1,Tbx6b>LacZ,Embryo#3,2,9569225,11870940,0.81
Assay 1,Tbx6b>LacZ,Embryo#3,3,13909486,13700673,1.02
Assay 1,Tbx6b>LacZ,Embryo#3,4,3245482,3654877,0.89
Assay 1,Tbx6b>LacZ,Embryo#3,5,18786793,17587333,1.07
Assay 1,Tbx6b>LacZ,Embryo#3,6,12172841,15262944,0.8
Assay 1,Tbx6b>LacZ,Embryo#3,7,15396462,15186917,1.01
Assay 1,Tbx6b>LacZ,Embryo#3,8,10025336,14309069,0.7
Assay 1,Tbx6b>LacZ,Embryo#3,9,14954094,19096737,0.78
Assay 1,Tbx6b>LacZ,Embryo#3,10,9758227,10523635,0.93
Assay 1,Tbx6b>LacZ,Embryo#3,11,507605,657628,0.77
Assay 1,Tbx6b>LacZ,Embryo#3,12,15370877,13820430,1.11
Assay 1,Tbx6b>LacZ,Embryo#3,13,1599323,1864102,0.86
Assay 1,Tbx6b>LacZ,Embryo#3,14,16591488,16838244,0.99
Assay 1,Tbx6b>LacZ,Embryo#3,15,15117692,15855571,0.95
Assay 1,Tbx6b>LacZ,Embryo#3,16,5434417,10822191,0.5
Assay 1,Tbx6b>LacZ,Embryo#3,17,3027721,5922035,0.51
Assay 1,Tbx6b>LacZ,Embryo#3,18,35486313,27704318,1.28
Assay 1,Tbx6b>LacZ,Embryo#3,19,9974768,11312719,0.88
Assay 1,Tbx6b>LacZ,Embryo#3,20,11928305,12233482,0.98
Assay 1,Tbx6b>LacZ,Embryo#3,21,23787740,21158538,1.12
Assay 1,Tbx6b>LacZ,Embryo#3,22,7075642,13550622,0.52
Assay 1,Tbx6b>LacZ,Embryo#3,23,8443059,8861372,0.95
Assay 1,Tbx6b>LacZ,Embryo#3,24,10186533,11791249,0.86
Assay 1,Tbx6b>LacZ,Embryo#3,25,2949005,5799716,0.51
Assay 1,Tbx6b>LacZ,Embryo#3,26,4869051,7187676,0.68
Assay 1,Tbx6b>LacZ,Embryo#3,27,4663610,3291387,1.42
Assay 1,Tbx6b>LacZ,Embryo#3,28,19843003,30009661,0.66
Assay 1,Tbx6b>LacZ,Embryo#3,29,14601067,16381339,0.89
Assay 1,Tbx6b>LacZ,Embryo#3,30,18283349,7502987,2.44
Assay 1,Tbx6b>LacZ,Embryo#3,31,22792865,26929607,0.85
Assay 1,Tbx6b>LacZ,Embryo#4,1,8626235,14134035,0.61
Assay 1,Tbx6b>LacZ,Embryo#4,2,10296144,19812464,0.52
Assay 1,Tbx6b>LacZ,Embryo#4,3,5650771,10516388,0.54
Assay 1,Tbx6b>LacZ,Embryo#4,4,11330670,8065936,1.4
Assay 1,Tbx6b>LacZ,Embryo#4,5,6586194,12994369,0.51
Assay 1,Tbx6b>LacZ,Embryo#4,6,10385986,6889920,1.51
Assay 1,Tbx6b>LacZ,Embryo#4,7,9961379,15941541,0.62
Assay 1,Tbx6b>LacZ,Embryo#4,8,10358269,9065638,1.14
Assay 1,Tbx6b>LacZ,Embryo#4,9,14764264,25807363,0.57
Assay 1,Tbx6b>LacZ,Embryo#4,10,9415885,15252227,0.62
Assay 1,Tbx6b>LacZ,Embryo#4,11,12971868,22212802,0.58
Assay 1,Tbx6b>LacZ,Embryo#4,12,6072641,12871627,0.47
Assay 1,Tbx6b>LacZ,Embryo#4,13,11620210,19901444,0.58
Assay 1,Tbx6b>LacZ,Embryo#4,14,6199037,4469985,1.39
Assay 1,Tbx6b>LacZ,Embryo#4,15,5260858,8419853,0.62
Assay 1,Tbx6b>LacZ,Embryo#4,16,15171391,11616808,1.31
Assay 1,Tbx6b>LacZ,Embryo#4,17,1335183,2295175,0.58
Assay 1,Tbx6b>LacZ,Embryo#4,18,10807352,11939695,0.91
Assay 1,Tbx6b>LacZ,Embryo#4,19,13040498,21249693,0.61
Assay 1,Tbx6b>LacZ,Embryo#4,20,7281548,6537382,1.11
Assay 1,Tbx6b>LacZ,Embryo#4,21,17793390,15236157,1.17
Assay 1,Tbx6b>LacZ,Embryo#4,22,5115250,8945905,0.57
Assay 1,Tbx6b>LacZ,Embryo#4,23,13994354,12962208,1.08
Assay 1,Tbx6b>LacZ,Embryo#4,24,9330932,12022785,0.78
Assay 1,Tbx6b>LacZ,Embryo#4,25,14690468,8299922,1.77
Assay 1,Tbx6b>LacZ,Embryo#4,26,15297730,11357182,1.35
Assay 1,Tbx6b>LacZ,Embryo#4,27,3466854,8220933,0.42
Assay 1,Tbx6b>LacZ,Embryo#4,28,10806096,10541186,1.03
Assay 1,Tbx6b>LacZ,Embryo#4,29,14321195,9206255,1.56
Assay 1,Tbx6b>LacZ,Embryo#4,30,4630389,7178801,0.65
Assay 1,Tbx6b>LacZ,Embryo#4,31,11574427,7263528,1.59
Assay 1,Tbx6b>LacZ,Embryo#4,32,11455989,10119372,1.13
Assay 1,Tbx6b>LacZ,Embryo#4,33,7394210,11381275,0.65
Assay 1,Tbx6b>LacZ,Embryo#4,34,1796094,2085363,0.86
Assay 1,Tbx6b>LacZ,Embryo#4,35,14027336,10729591,1.31
Assay 1,Tbx6b>LacZ,Embryo#4,36,3384727,7327459,0.46
Assay 1,Tbx6b>LacZ,Embryo#4,37,19318562,13186897,1.46
Assay 1,Tbx6b>LacZ,Embryo#4,38,3474738,3804185,0.91
Assay 1,Tbx6b>LacZ,Embryo#4,39,16712779,28907607,0.58
Assay 1,Tbx6b>LacZ,Embryo#4,40,2532483,2079786,1.22
Assay 1,Tbx6b>LacZ,Embryo#4,41,8208416,12420927,0.66
Assay 1,Tbx6b>LacZ,Embryo#4,42,1562760,1546315,1.01
Assay 1,Tbx6b>LacZ,Embryo#4,43,11487728,11368662,1.01
Assay 1,Tbx6b>LacZ,Embryo#4,44,6430227,12568268,0.51
Assay 1,Tbx6b>LacZ,Embryo#4,45,6046583,7538681,0.8
Assay 1,Tbx6b>LacZ,Embryo#5,1,5909100,8192088,0.72
Assay 1,Tbx6b>LacZ,Embryo#5,2,16707559,21580303,0.77
Assay 1,Tbx6b>LacZ,Embryo#5,3,18180412,19251054,0.94
Assay 1,Tbx6b>LacZ,Embryo#5,4,16056336,23232968,0.69
Assay 1,Tbx6b>LacZ,Embryo#5,5,4408697,8227604,0.54
Assay 1,Tbx6b>LacZ,Embryo#5,6,34916370,40210518,0.87
Assay 1,Tbx6b>LacZ,Embryo#5,7,4682406,6348715,0.74
Assay 1,Tbx6b>LacZ,Embryo#5,8,22154206,18805081,1.18
Assay 1,Tbx6b>LacZ,Embryo#5,9,4584642,6476269,0.71
Assay 1,Tbx6b>LacZ,Embryo#5,10,14005369,14890013,0.94
Assay 1,Tbx6b>LacZ,Embryo#5,11,4929519,4750008,1.04
Assay 1,Tbx6b>LacZ,Embryo#5,12,16502805,21409340,0.77
Assay 1,Tbx6b>LacZ,Embryo#5,13,5186516,7070999,0.73
Assay 1,Tbx6b>LacZ,Embryo#5,14,16311098,15022940,1.09
Assay 1,Tbx6b>LacZ,Embryo#5,15,4021094,6197092,0.65
Assay 1,Tbx6b>LacZ,Embryo#5,16,3070943,3526294,0.87
Assay 1,Tbx6b>LacZ,Embryo#5,17,14453971,16923123,0.85
Assay 1,Tbx6b>LacZ,Embryo#5,18,3986657,6077576,0.66
Assay 1,Tbx6b>LacZ,Embryo#5,19,32935465,43684142,0.75
Assay 1,Tbx6b>LacZ,Embryo#5,20,4116541,8640961,0.48
Assay 1,Tbx6b>LacZ,Embryo#5,21,5028462,5657248,0.89
Assay 1,Tbx6b>LacZ,Embryo#5,22,2352512,2429694,0.97
Assay 1,Tbx6b>LacZ,Embryo#5,23,14338079,19032163,0.75
Assay 1,Tbx6b>LacZ,Embryo#5,24,5551076,6092694,0.91
Assay 1,Tbx6b>LacZ,Embryo#5,25,2611432,2510193,1.04
Assay 1,Tbx6b>LacZ,Embryo#5,26,23317476,21329937,1.09
Assay 1,Tbx6b>LacZ,Embryo#5,27,10986862,14822666,0.74
Assay 1,Tbx6b>LacZ,Embryo#5,28,16852904,16086210,1.05
Assay 1,Tbx6b>LacZ,Embryo#5,29,11047430,10558136,1.05
Assay 2,Tbx6b>LacZ,Embryo#1,1,17238336,15001155,1.149133917
Assay 2,Tbx6b>LacZ,Embryo#1,2,23376701,18283680,1.278555575
Assay 2,Tbx6b>LacZ,Embryo#1,3,10286664,17017541,0.604474172
Assay 2,Tbx6b>LacZ,Embryo#1,4,23033534,21582694,1.067222377
Assay 2,Tbx6b>LacZ,Embryo#1,5,25629989,13135621,1.951182133
Assay 2,Tbx6b>LacZ,Embryo#1,6,11999076,16850301,0.712098615
Assay 2,Tbx6b>LacZ,Embryo#1,7,7632422,5359139,1.424188102
Assay 2,Tbx6b>LacZ,Embryo#1,8,26722800,25795010,1.035967809
Assay 2,Tbx6b>LacZ,Embryo#1,9,3705168,4547755,0.814724628
Assay 2,Tbx6b>LacZ,Embryo#1,10,12422635,12661623,0.981125011
Assay 2,Tbx6b>LacZ,Embryo#1,11,29946915,23069905,1.298094422
Assay 2,Tbx6b>LacZ,Embryo#1,12,9639818,12332522,0.781658285
Assay 2,Tbx6b>LacZ,Embryo#1,13,33563831,19472442,1.723658029
Assay 2,Tbx6b>LacZ,Embryo#1,14,13987611,14979302,0.933795914
Assay 2,Tbx6b>LacZ,Embryo#1,15,19144625,23509386,0.814339643
Assay 2,Tbx6b>LacZ,Embryo#1,16,22479024,16283372,1.380489496
Assay 2,Tbx6b>LacZ,Embryo#1,17,19752223,20824816,0.948494479
Assay 2,Tbx6b>LacZ,Embryo#1,18,22418551,11282229,1.987067538
Assay 2,Tbx6b>LacZ,Embryo#1,19,24103705,13032585,1.849495323
Assay 2,Tbx6b>LacZ,Embryo#1,20,16610062,20967750,0.792171883
Assay 2,Tbx6b>LacZ,Embryo#1,21,15370299,12770053,1.203620611
Assay 2,Tbx6b>LacZ,Embryo#1,22,7249005,9579385,0.756729686
Assay 2,Tbx6b>LacZ,Embryo#1,23,36139219,20075419,1.800172589
Assay 2,Tbx6b>LacZ,Embryo#1,24,20137700,11873304,1.696048547
Assay 2,Tbx6b>LacZ,Embryo#1,25,14332407,25845812,0.554534986
Assay 2,Tbx6b>LacZ,Embryo#1,26,11869696,10911794,1.087785931
Assay 2,Tbx6b>LacZ,Embryo#1,27,34844213,17138459,2.033100701
Assay 2,Tbx6b>LacZ,Embryo#1,28,3403290,3722934,0.914141911
Assay 2,Tbx6b>LacZ,Embryo#1,29,28517091,15537175,1.835410298
Assay 2,Tbx6b>LacZ,Embryo#1,30,11125864,23935673,0.464823529
Assay 2,Tbx6b>LacZ,Embryo#1,31,27193279,22514095,1.207833537
Assay 2,Tbx6b>LacZ,Embryo#1,32,14896790,13914601,1.070586932
Assay 2,Tbx6b>LacZ,Embryo#1,33,22894283,22980145,0.996263644
Assay 2,Tbx6b>LacZ,Embryo#1,34,31025147,20660942,1.501632743
Assay 2,Tbx6b>LacZ,Embryo#1,35,11786347,16358918,0.720484509
Assay 2,Tbx6b>LacZ,Embryo#1,36,12849449,10594389,1.212854182
Assay 2,Tbx6b>LacZ,Embryo#2,1,54969306,48367846,1.136484474
Assay 2,Tbx6b>LacZ,Embryo#2,2,23719439,21244024,1.116522887
Assay 2,Tbx6b>LacZ,Embryo#2,3,8000261,12576037,0.636151198
Assay 2,Tbx6b>LacZ,Embryo#2,4,14382146,12719150,1.130747416
Assay 2,Tbx6b>LacZ,Embryo#2,5,24045113,21881579,1.098874674
Assay 2,Tbx6b>LacZ,Embryo#2,6,4526033,7237806,0.625332179
Assay 2,Tbx6b>LacZ,Embryo#2,7,8040800,13023517,0.617406189
Assay 2,Tbx6b>LacZ,Embryo#2,8,24623217,32746462,0.751935186
Assay 2,Tbx6b>LacZ,Embryo#2,9,21435265,17827153,1.202394179
Assay 2,Tbx6b>LacZ,Embryo#2,10,3019669,3531070,0.855171095
Assay 2,Tbx6b>LacZ,Embryo#2,11,23494142,16732969,1.404062961
Assay 2,Tbx6b>LacZ,Embryo#2,12,10108879,15989213,0.63223118
Assay 2,Tbx6b>LacZ,Embryo#2,13,18082459,17577039,1.028754559
Assay 2,Tbx6b>LacZ,Embryo#2,14,2434471,1068699,2.277976306
Assay 2,Tbx6b>LacZ,Embryo#2,15,15710244,18304550,0.858269884
Assay 2,Tbx6b>LacZ,Embryo#2,16,35495695,48546354,0.731171181
Assay 2,Tbx6b>LacZ,Embryo#2,17,1054313,797761,1.32159005
Assay 2,Tbx6b>LacZ,Embryo#2,18,24150165,18832352,1.282376466
Assay 2,Tbx6b>LacZ,Embryo#2,19,43852847,66060194,0.663831641
Assay 2,Tbx6b>LacZ,Embryo#2,20,14105975,7925386,1.779847064
Assay 2,Tbx6b>LacZ,Embryo#2,21,14199027,18305908,0.775652702
Assay 2,Tbx6b>LacZ,Embryo#2,22,10008986,13489216,0.74199909
Assay 2,Tbx6b>LacZ,Embryo#2,23,14662221,18616446,0.787595065
Assay 2,Tbx6b>LacZ,Embryo#2,24,26037582,18938035,1.37488298
Assay 2,Tbx6b>LacZ,Embryo#2,25,11991792,14503111,0.826842737
Assay 2,Tbx6b>LacZ,Embryo#2,26,9228095,12554971,0.735015238
Assay 2,Tbx6b>LacZ,Embryo#2,27,27863870,20474392,1.360913184
Assay 2,Tbx6b>LacZ,Embryo#2,28,1746654,2797036,0.624466042
Assay 2,Tbx6b>LacZ,Embryo#2,29,19017357,15285094,1.244176647
Assay 2,Tbx6b>LacZ,Embryo#2,30,9032130,16332876,0.553003035
Assay 2,Tbx6b>LacZ,Embryo#2,31,13508774,17131815,0.788519722
Assay 2,Tbx6b>LacZ,Embryo#2,32,20775904,26670717,0.778978083
Assay 2,Tbx6b>LacZ,Embryo#2,33,19560658,15862574,1.233132656
Assay 2,Tbx6b>LacZ,Embryo#2,34,5586607,3716439,1.50321504
Assay 2,Tbx6b>LacZ,Embryo#2,35,11912634,14005610,0.850561596
Assay 2,Tbx6b>LacZ,Embryo#2,36,3813974,3076623,1.239662448
Assay 2,Tbx6b>LacZ,Embryo#2,37,10474404,9587492,1.092507196
Assay 2,Tbx6b>LacZ,Embryo#2,38,14845355,16168232,0.918180479
Assay 2,Tbx6b>LacZ,Embryo#2,39,17298310,15998338,1.081256691
Assay 2,Tbx6b>LacZ,Embryo#2,40,13523329,16644642,0.812473407
Assay 2,Tbx6b>LacZ,Embryo#2,41,7032487,13042122,0.539213404
Assay 2,Tbx6b>LacZ,Embryo#2,42,4332780,3559781,1.217147909
Assay 2,Tbx6b>LacZ,Embryo#2,43,20922664,27080873,0.772599318
Assay 2,Tbx6b>LacZ,Embryo#2,44,8078426,10961067,0.737010913
Assay 2,Tbx6b>LacZ,Embryo#2,45,5245882,7163126,0.732345348
Assay 2,Tbx6b>LacZ,Embryo#2,46,8947417,11355156,0.787960729
Assay 2,Tbx6b>LacZ,Embryo#3,1,18107748,16641237,1.08812512
Assay 2,Tbx6b>LacZ,Embryo#3,2,1299866,1914668,0.6788989
Assay 2,Tbx6b>LacZ,Embryo#3,3,18617916,16810212,1.107536062
Assay 2,Tbx6b>LacZ,Embryo#3,4,19440037,18805715,1.033730278
Assay 2,Tbx6b>LacZ,Embryo#3,5,19356781,14356678,1.348277157
Assay 2,Tbx6b>LacZ,Embryo#3,6,18481108,23855043,0.774725411
Assay 2,Tbx6b>LacZ,Embryo#3,7,16571528,18958043,0.874115962
Assay 2,Tbx6b>LacZ,Embryo#3,8,12467045,19661612,0.634080512
Assay 2,Tbx6b>LacZ,Embryo#3,9,22663713,21222015,1.067934077
Assay 2,Tbx6b>LacZ,Embryo#3,10,10690879,9390034,1.138534642
Assay 2,Tbx6b>LacZ,Embryo#3,11,27892561,19590186,1.423802765
Assay 2,Tbx6b>LacZ,Embryo#3,12,11437602,18433868,0.620466741
Assay 2,Tbx6b>LacZ,Embryo#3,13,24727283,18362104,1.346647585
Assay 2,Tbx6b>LacZ,Embryo#3,14,13957941,15197158,0.918457319
Assay 2,Tbx6b>LacZ,Embryo#3,15,21724360,15446587,1.40641813
Assay 2,Tbx6b>LacZ,Embryo#3,16,6553210,17321705,0.378323612
Assay 2,Tbx6b>LacZ,Embryo#3,17,7564451,17675594,0.427960215
Assay 2,Tbx6b>LacZ,Embryo#3,18,19597144,18761856,1.044520542
Assay 2,Tbx6b>LacZ,Embryo#3,19,9041421,15029197,0.601590424
Assay 2,Tbx6b>LacZ,Embryo#3,20,10060955,15093341,0.666582369
Assay 2,Tbx6b>LacZ,Embryo#3,21,23485878,18811517,1.248484001
Assay 2,Tbx6b>LacZ,Embryo#3,22,9616900,16091228,0.597648607
Assay 2,Tbx6b>LacZ,Embryo#3,23,14184730,15198486,0.933298883
Assay 2,Tbx6b>LacZ,Embryo#3,24,28491336,23003788,1.238549755
Assay 2,Tbx6b>LacZ,Embryo#3,25,5705353,14269724,0.399822239
Assay 2,Tbx6b>LacZ,Embryo#3,26,21626363,25307898,0.854530194
Assay 2,Tbx6b>LacZ,Embryo#3,27,6152162,14464744,0.425321181
Assay 2,Tbx6b>LacZ,Embryo#3,28,22253950,16393823,1.357459453
Assay 2,Tbx6b>LacZ,Embryo#3,29,8453273,14203226,0.595165704
Assay 2,Tbx6b>LacZ,Embryo#3,30,5232146,8493853,0.615992059
Assay 2,Tbx6b>LacZ,Embryo#3,31,10587242,13796098,0.767408437
Assay 2,Tbx6b>LacZ,Embryo#3,32,21773888,25215043,0.863527697
Assay 2,Tbx6b>LacZ,Embryo#3,33,9065042,14948813,0.606405472
Assay 2,Tbx6b>LacZ,Embryo#3,34,16148488,13214345,1.222042258
Assay 2,Tbx6b>LacZ,Embryo#3,35,1256883,2318678,0.5420688
Assay 2,Tbx6b>LacZ,Embryo#3,36,12259952,18897746,0.648752079
Assay 2,Tbx6b>LacZ,Embryo#3,37,7818800,5935105,1.317381917
Assay 2,Tbx6b>LacZ,Embryo#3,38,44034391,41018058,1.073536709
Assay 2,Tbx6b>LacZ,Embryo#3,39,29516165,23088315,1.278402733
Assay 2,Tbx6b>LacZ,Embryo#4,1,34132467,19222078,1.775690797
Assay 2,Tbx6b>LacZ,Embryo#4,2,30174567,35974733,0.838771117
Assay 2,Tbx6b>LacZ,Embryo#4,3,1533856,2377811,0.645070613
Assay 2,Tbx6b>LacZ,Embryo#4,4,17275706,23678444,0.729596337
Assay 2,Tbx6b>LacZ,Embryo#4,5,25510812,20847992,1.223657991
Assay 2,Tbx6b>LacZ,Embryo#4,6,35172481,18901511,1.860829063
Assay 2,Tbx6b>LacZ,Embryo#4,7,21961611,19771389,1.110777346
Assay 2,Tbx6b>LacZ,Embryo#4,8,7334617,11765671,0.623391305
Assay 2,Tbx6b>LacZ,Embryo#4,9,17467349,14016077,1.246236661
Assay 2,Tbx6b>LacZ,Embryo#4,10,46841086,29405935,1.592912655
Assay 2,Tbx6b>LacZ,Embryo#4,11,16483449,16939424,0.973082025
Assay 2,Tbx6b>LacZ,Embryo#4,12,17136747,11664881,1.469088883
Assay 2,Tbx6b>LacZ,Embryo#4,13,75351681,55590424,1.355479516
Assay 2,Tbx6b>LacZ,Embryo#4,14,14781690,18984379,0.778623836
Assay 2,Tbx6b>LacZ,Embryo#4,15,9335102,6635910,1.406755366
Assay 2,Tbx6b>LacZ,Embryo#4,16,24173550,12271406,1.969908746
Assay 2,Tbx6b>LacZ,Embryo#4,17,17498710,18128653,0.965251528
Assay 2,Tbx6b>LacZ,Embryo#4,18,48981025,33947079,1.4428642
Assay 2,Tbx6b>LacZ,Embryo#4,19,8156594,15504740,0.526070995
Assay 2,Tbx6b>LacZ,Embryo#4,20,7260924,13466426,0.539187161
Assay 2,Tbx6b>LacZ,Embryo#4,21,15275817,19037370,0.80241215
Assay 2,Tbx6b>LacZ,Embryo#4,22,17969098,11325087,1.586663131
Assay 2,Tbx6b>LacZ,Embryo#4,23,8991731,7863324,1.143502544
Assay 2,Tbx6b>LacZ,Embryo#4,24,7815275,6259114,1.248623208
Assay 2,Tbx6b>LacZ,Embryo#4,25,12420146,17004754,0.730392571
Assay 2,Tbx6b>LacZ,Embryo#4,26,13616779,8190311,1.662547246
Assay 2,Tbx6b>LacZ,Embryo#4,27,29429497,29502699,0.997518803
Assay 2,Tbx6b>LacZ,Embryo#4,28,14324042,17214056,0.832113129
Assay 2,Tbx6b>LacZ,Embryo#4,29,13574076,18741516,0.724278442
Assay 2,Tbx6b>LacZ,Embryo#4,30,65578902,36964083,1.774124953
Assay 2,Tbx6b>LacZ,Embryo#4,31,18919271,18676707,1.012987514
Assay 2,Tbx6b>LacZ,Embryo#4,32,11824860,17445682,0.677810131
Assay 2,Tbx6b>LacZ,Embryo#4,33,44837565,39424803,1.137293318
Assay 2,Tbx6b>LacZ,Embryo#4,34,2383303,3249223,0.733499363
Assay 2,Tbx6b>LacZ,Embryo#4,35,36531766,42175776,0.86617887
Assay 2,Tbx6b>LacZ,Embryo#4,36,15175421,15043488,1.008770107
Assay 2,Tbx6b>LacZ,Embryo#4,37,16322361,16297356,1.001534298
Assay 2,Tbx6b>LacZ,Embryo#4,38,31933481,18966472,1.683680602
Assay 2,Tbx6b>LacZ,Embryo#4,39,8560832,4993095,1.714534172
Assay 2,Tbx6b>LacZ,Embryo#4,40,4808567,8356562,0.57542408
Assay 2,Tbx6b>LacZ,Embryo#5,1,19661860,32154650,0.611477967
Assay 2,Tbx6b>LacZ,Embryo#5,2,13012747,27680801,0.470100089
Assay 2,Tbx6b>LacZ,Embryo#5,3,13930480,18740204,0.743347298
Assay 2,Tbx6b>LacZ,Embryo#5,4,15329188,22065061,0.694726745
Assay 2,Tbx6b>LacZ,Embryo#5,5,23749882,24944595,0.952105336
Assay 2,Tbx6b>LacZ,Embryo#5,6,9866332,6684346,1.476035501
Assay 2,Tbx6b>LacZ,Embryo#5,7,9593605,6187951,1.550368612
Assay 2,Tbx6b>LacZ,Embryo#5,8,13014736,17294643,0.752529902
Assay 2,Tbx6b>LacZ,Embryo#5,9,20360575,31771346,0.640847102
Assay 2,Tbx6b>LacZ,Embryo#5,10,11909846,15468558,0.769938995
Assay 2,Tbx6b>LacZ,Embryo#5,11,17764104,19168026,0.92675709
Assay 2,Tbx6b>LacZ,Embryo#5,12,14170412,20257307,0.699521017
Assay 2,Tbx6b>LacZ,Embryo#5,13,8254266,5694757,1.449450082
Assay 2,Tbx6b>LacZ,Embryo#5,14,12031565,17781565,0.676631388
Assay 2,Tbx6b>LacZ,Embryo#5,15,17914217,19585078,0.914687039
Assay 2,Tbx6b>LacZ,Embryo#5,16,16343155,20699062,0.789560174
Assay 2,Tbx6b>LacZ,Embryo#5,17,11389902,12722759,0.895238368
Assay 2,Tbx6b>LacZ,Embryo#5,18,7998127,5841049,1.369296337
Assay 2,Tbx6b>LacZ,Embryo#5,19,10019476,12200512,0.82123406
Assay 2,Tbx6b>LacZ,Embryo#5,20,18899120,20473290,0.923111039
Assay 2,Tbx6b>LacZ,Embryo#5,21,8155216,12606208,0.646920628
Assay 2,Tbx6b>LacZ,Embryo#5,22,17527928,10256046,1.709033676
Assay 2,Tbx6b>LacZ,Embryo#5,23,16723270,13789471,1.212756457
Assay 2,Tbx6b>LacZ,Embryo#5,24,14954507,14930648,1.001597988
Assay 2,Tbx6b>LacZ,Embryo#5,25,14279559,21945366,0.650686755
Assay 2,Tbx6b>LacZ,Embryo#5,26,47166052,28278198,1.667929901
Assay 2,Tbx6b>LacZ,Embryo#5,27,8006307,13368022,0.598914858
Assay 2,Tbx6b>LacZ,Embryo#5,28,15944784,12915416,1.234554427
Assay 2,Tbx6b>LacZ,Embryo#5,29,18834965,21070340,0.893908926
Assay 2,Tbx6b>LacZ,Embryo#5,30,11530717,11005246,1.04774732
Assay 2,Tbx6b>LacZ,Embryo#5,31,11273785,6723732,1.676715402
Assay 2,Tbx6b>LacZ,Embryo#5,32,17980514,18415970,0.976354436
Assay 2,Tbx6b>LacZ,Embryo#5,33,32478957,39340840,0.825578635
Assay 2,Tbx6b>LacZ,Embryo#5,34,17031807,11626341,1.46493269
Assay 2,Tbx6b>LacZ,Embryo#5,35,21410127,24973205,0.85732396
Assay 2,Tbx6b>LacZ,Embryo#5,36,10112250,7607979,1.329163763
Assay 3,Tbx6b>LacZ,Embryo#1,1,8754019,9157679,0.96
Assay 3,Tbx6b>LacZ,Embryo#1,2,18149113,11763991,1.54
Assay 3,Tbx6b>LacZ,Embryo#1,3,2910151,2644761,1.1
Assay 3,Tbx6b>LacZ,Embryo#1,4,14519236,11357635,1.28
Assay 3,Tbx6b>LacZ,Embryo#1,5,5811796,6044231,0.96
Assay 3,Tbx6b>LacZ,Embryo#1,6,9456806,10180988,0.93
Assay 3,Tbx6b>LacZ,Embryo#1,7,9141081,9570709,0.96
Assay 3,Tbx6b>LacZ,Embryo#1,8,6702892,6627082,1.01
Assay 3,Tbx6b>LacZ,Embryo#1,9,5323319,4731724,1.13
Assay 3,Tbx6b>LacZ,Embryo#1,10,6803764,7104230,0.96
Assay 3,Tbx6b>LacZ,Embryo#1,11,8806320,9178981,0.96
Assay 3,Tbx6b>LacZ,Embryo#1,12,4227331,5189903,0.81
Assay 3,Tbx6b>LacZ,Embryo#1,13,5477265,4479596,1.22
Assay 3,Tbx6b>LacZ,Embryo#1,14,2028768,2766740,0.73
Assay 3,Tbx6b>LacZ,Embryo#1,15,7750967,7551554,1.03
Assay 3,Tbx6b>LacZ,Embryo#1,16,7457589,4691327,1.59
Assay 3,Tbx6b>LacZ,Embryo#1,17,6047732,6444809,0.94
Assay 3,Tbx6b>LacZ,Embryo#1,18,4723775,5549970,0.85
Assay 3,Tbx6b>LacZ,Embryo#1,19,7502373,6705094,1.12
Assay 3,Tbx6b>LacZ,Embryo#1,20,3422556,2854352,1.2
Assay 3,Tbx6b>LacZ,Embryo#1,21,2557968,3336005,0.77
Assay 3,Tbx6b>LacZ,Embryo#1,22,5396870,5051841,1.07
Assay 3,Tbx6b>LacZ,Embryo#2,1,6467037,6873654,0.94
Assay 3,Tbx6b>LacZ,Embryo#2,2,10348412,13095087,0.79
Assay 3,Tbx6b>LacZ,Embryo#2,3,10290975,10751511,0.96
Assay 3,Tbx6b>LacZ,Embryo#2,4,6817751,9564971,0.71
Assay 3,Tbx6b>LacZ,Embryo#2,5,7811982,11185191,0.7
Assay 3,Tbx6b>LacZ,Embryo#2,6,9789083,9983795,0.98
Assay 3,Tbx6b>LacZ,Embryo#2,7,13836404,15744402,0.88
Assay 3,Tbx6b>LacZ,Embryo#2,8,3775867,4030091,0.94
Assay 3,Tbx6b>LacZ,Embryo#2,9,3891410,5043775,0.77
Assay 3,Tbx6b>LacZ,Embryo#2,10,24268500,23345607,1.04
Assay 3,Tbx6b>LacZ,Embryo#2,11,8383587,6503029,1.29
Assay 3,Tbx6b>LacZ,Embryo#2,12,13306614,17113474,0.78
Assay 3,Tbx6b>LacZ,Embryo#2,13,6155056,9438651,0.65
Assay 3,Tbx6b>LacZ,Embryo#2,14,20387593,17725020,1.15
Assay 3,Tbx6b>LacZ,Embryo#2,15,9700985,10615839,0.91
Assay 3,Tbx6b>LacZ,Embryo#2,16,11524571,10708048,1.08
Assay 3,Tbx6b>LacZ,Embryo#2,17,11334650,8852331,1.28
Assay 3,Tbx6b>LacZ,Embryo#2,18,11963995,10316680,1.16
Assay 3,Tbx6b>LacZ,Embryo#2,19,7702491,6603293,1.17
Assay 3,Tbx6b>LacZ,Embryo#2,20,9878502,8006503,1.23
Assay 3,Tbx6b>LacZ,Embryo#2,21,5265172,7621928,0.69
Assay 3,Tbx6b>LacZ,Embryo#2,22,8275782,4591832,1.8
Assay 3,Tbx6b>LacZ,Embryo#2,23,10573966,13008673,0.81
Assay 3,Tbx6b>LacZ,Embryo#2,24,1116668,822127,1.36
Assay 3,Tbx6b>LacZ,Embryo#2,25,2015751,1763273,1.14
Assay 3,Tbx6b>LacZ,Embryo#2,26,9532107,9739672,0.98
Assay 3,Tbx6b>LacZ,Embryo#2,27,8141343,4693403,1.73
Assay 3,Tbx6b>LacZ,Embryo#2,28,3764373,3849965,0.98
Assay 3,Tbx6b>LacZ,Embryo#2,29,14187865,16781204,0.85
Assay 3,Tbx6b>LacZ,Embryo#3,1,6137955,9435454,0.65
Assay 3,Tbx6b>LacZ,Embryo#3,2,11128991,7364817,1.51
Assay 3,Tbx6b>LacZ,Embryo#3,3,5184144,12043555,0.43
Assay 3,Tbx6b>LacZ,Embryo#3,4,7921985,8317198,0.95
Assay 3,Tbx6b>LacZ,Embryo#3,5,3007774,3684459,0.82
Assay 3,Tbx6b>LacZ,Embryo#3,6,9366721,9698687,0.97
Assay 3,Tbx6b>LacZ,Embryo#3,7,12485560,5742206,2.17
Assay 3,Tbx6b>LacZ,Embryo#3,8,8752465,9793430,0.89
Assay 3,Tbx6b>LacZ,Embryo#3,9,11082303,4858998,2.28
Assay 3,Tbx6b>LacZ,Embryo#3,10,9816016,7479609,1.31
Assay 3,Tbx6b>LacZ,Embryo#3,11,1351261,1249086,1.08
Assay 3,Tbx6b>LacZ,Embryo#3,12,7200504,6125759,1.18
Assay 3,Tbx6b>LacZ,Embryo#3,13,4174510,3898396,1.07
Assay 3,Tbx6b>LacZ,Embryo#3,14,7334772,8418723,0.87
Assay 3,Tbx6b>LacZ,Embryo#3,15,4545347,6747428,0.67
Assay 3,Tbx6b>LacZ,Embryo#3,16,13185507,13920871,0.95
Assay 3,Tbx6b>LacZ,Embryo#3,17,6483902,9079220,0.71
Assay 3,Tbx6b>LacZ,Embryo#3,18,6071268,11779095,0.52
Assay 3,Tbx6b>LacZ,Embryo#3,19,662289,1260491,0.53
Assay 3,Tbx6b>LacZ,Embryo#3,20,4110186,3543944,1.16
Assay 3,Tbx6b>LacZ,Embryo#3,21,6462028,6797685,0.95
Assay 3,Tbx6b>LacZ,Embryo#3,22,6287579,7618455,0.83
Assay 3,Tbx6b>LacZ,Embryo#3,23,3155694,2407749,1.31
Assay 3,Tbx6b>LacZ,Embryo#3,24,5771770,5922008,0.97
Assay 3,Tbx6b>LacZ,Embryo#3,25,5033579,7424945,0.68
Assay 3,Tbx6b>LacZ,Embryo#3,26,5151669,6223617,0.83
Assay 3,Tbx6b>LacZ,Embryo#3,27,10460285,7570321,1.38
Assay 3,Tbx6b>LacZ,Embryo#3,28,5428557,6595939,0.82
Assay 3,Tbx6b>LacZ,Embryo#4,1,3351651,4667918,0.72
Assay 3,Tbx6b>LacZ,Embryo#4,2,7969515,9829978,0.81
Assay 3,Tbx6b>LacZ,Embryo#4,3,4433787,4490826,0.99
Assay 3,Tbx6b>LacZ,Embryo#4,4,8726585,9353923,0.93
Assay 3,Tbx6b>LacZ,Embryo#4,5,12513354,16019204,0.78
Assay 3,Tbx6b>LacZ,Embryo#4,6,10133089,8642699,1.17
Assay 3,Tbx6b>LacZ,Embryo#4,7,8691407,10420190,0.83
Assay 3,Tbx6b>LacZ,Embryo#4,8,1885533,1906537,0.99
Assay 3,Tbx6b>LacZ,Embryo#4,9,19513244,14346927,1.36
Assay 3,Tbx6b>LacZ,Embryo#4,10,3627881,3374127,1.08
Assay 3,Tbx6b>LacZ,Embryo#4,11,9538211,12996792,0.73
Assay 3,Tbx6b>LacZ,Embryo#4,12,9239864,10250097,0.9
Assay 3,Tbx6b>LacZ,Embryo#4,13,8493254,12054724,0.7
Assay 3,Tbx6b>LacZ,Embryo#4,14,15511967,20951716,0.74
Assay 3,Tbx6b>LacZ,Embryo#4,15,5776246,9349784,0.62
Assay 3,Tbx6b>LacZ,Embryo#4,16,13216517,11481614,1.15
Assay 3,Tbx6b>LacZ,Embryo#4,17,33122368,32462949,1.02
Assay 3,Tbx6b>LacZ,Embryo#4,18,2554839,3660132,0.7
Assay 3,Tbx6b>LacZ,Embryo#5,1,7251660,8172065,0.89
Assay 3,Tbx6b>LacZ,Embryo#5,2,5954413,9863165,0.6
Assay 3,Tbx6b>LacZ,Embryo#5,3,8515788,6656994,1.28
Assay 3,Tbx6b>LacZ,Embryo#5,4,5581096,7839316,0.71
Assay 3,Tbx6b>LacZ,Embryo#5,5,5986254,8425511,0.71
Assay 3,Tbx6b>LacZ,Embryo#5,6,2867824,2418720,1.19
Assay 3,Tbx6b>LacZ,Embryo#5,7,5984926,5132872,1.17
Assay 3,Tbx6b>LacZ,Embryo#5,8,4044393,4914964,0.82
Assay 3,Tbx6b>LacZ,Embryo#5,9,5218543,6528316,0.8
Assay 3,Tbx6b>LacZ,Embryo#5,10,6320526,8875506,0.71
Assay 3,Tbx6b>LacZ,Embryo#5,11,13297218,15401385,0.86
Assay 3,Tbx6b>LacZ,Embryo#5,12,6360206,8421558,0.76
Assay 3,Tbx6b>LacZ,Embryo#5,13,5382939,5696717,0.94
Assay 3,Tbx6b>LacZ,Embryo#5,14,5011405,7334576,0.68
Assay 3,Tbx6b>LacZ,Embryo#5,15,6018380,6459870,0.93
Assay 3,Tbx6b>LacZ,Embryo#5,16,7525971,7370485,1.02
Assay 3,Tbx6b>LacZ,Embryo#5,17,5973001,8994877,0.66
Assay 3,Tbx6b>LacZ,Embryo#5,18,3906012,2895338,1.35
Assay 3,Tbx6b>LacZ,Embryo#5,19,4590897,3196327,1.44
Assay 3,Tbx6b>LacZ,Embryo#5,20,5673990,7941634,0.71
Assay 3,Tbx6b>LacZ,Embryo#5,21,6180580,8485314,0.73
Assay 3,Tbx6b>LacZ,Embryo#5,22,5595314,6207168,0.9
Assay 1,Tbx6b>Crbn,Embryo#1,1,12463013,15035571,0.828901875
Assay 1,Tbx6b>Crbn,Embryo#1,2,5994226,13450035,0.445666201
Assay 1,Tbx6b>Crbn,Embryo#1,3,9023102,11295722,0.798807017
Assay 1,Tbx6b>Crbn,Embryo#1,4,6697778,14626651,0.457916033
Assay 1,Tbx6b>Crbn,Embryo#1,5,23743369,22670254,1.047335817
Assay 1,Tbx6b>Crbn,Embryo#1,6,9049759,15830091,0.571680795
Assay 1,Tbx6b>Crbn,Embryo#1,7,12773784,16732402,0.763416036
Assay 1,Tbx6b>Crbn,Embryo#1,8,8773226,20016158,0.438307192
Assay 1,Tbx6b>Crbn,Embryo#1,9,15160175,20070881,0.755331816
Assay 1,Tbx6b>Crbn,Embryo#1,10,9775024,19787616,0.493997054
Assay 1,Tbx6b>Crbn,Embryo#1,11,10512716,13506082,0.778369034
Assay 1,Tbx6b>Crbn,Embryo#1,12,6198126,16344345,0.379221437
Assay 1,Tbx6b>Crbn,Embryo#1,13,19959822,24349216,0.819731609
Assay 1,Tbx6b>Crbn,Embryo#1,14,6972735,16454475,0.42375919
Assay 1,Tbx6b>Crbn,Embryo#1,15,10571418,15358490,0.688311025
Assay 1,Tbx6b>Crbn,Embryo#1,16,5461449,7355994,0.742448811
Assay 1,Tbx6b>Crbn,Embryo#1,17,11012513,13792762,0.798426958
Assay 1,Tbx6b>Crbn,Embryo#1,18,23697144,21439147,1.105321215
Assay 1,Tbx6b>Crbn,Embryo#1,19,6451980,15411314,0.418652167
Assay 1,Tbx6b>Crbn,Embryo#1,20,26672844,47060769,0.566774504
Assay 1,Tbx6b>Crbn,Embryo#1,21,3953491,4114125,0.960955489
Assay 1,Tbx6b>Crbn,Embryo#1,22,21724378,26160051,0.830440965
Assay 1,Tbx6b>Crbn,Embryo#1,23,18374065,30661574,0.599253809
Assay 1,Tbx6b>Crbn,Embryo#1,24,16533541,15161858,1.090469321
Assay 1,Tbx6b>Crbn,Embryo#1,25,11135923,23714636,0.469580178
Assay 1,Tbx6b>Crbn,Embryo#1,26,17128541,15552911,1.101307723
Assay 1,Tbx6b>Crbn,Embryo#1,27,9891420,16830408,0.587711243
Assay 1,Tbx6b>Crbn,Embryo#1,28,7171405,17434974,0.411322954
Assay 1,Tbx6b>Crbn,Embryo#1,29,6792703,14232149,0.4772788
Assay 1,Tbx6b>Crbn,Embryo#1,30,6380353,6783234,0.940606354
Assay 1,Tbx6b>Crbn,Embryo#2,1,10289009,14213376,0.723896209
Assay 1,Tbx6b>Crbn,Embryo#2,2,13489681,19607602,0.687982192
Assay 1,Tbx6b>Crbn,Embryo#2,3,12057605,22665017,0.53199188
Assay 1,Tbx6b>Crbn,Embryo#2,4,13303886,29633781,0.448943252
Assay 1,Tbx6b>Crbn,Embryo#2,5,6713990,16786360,0.399966997
Assay 1,Tbx6b>Crbn,Embryo#2,6,11486456,17268953,0.66515069
Assay 1,Tbx6b>Crbn,Embryo#2,7,8329852,20081658,0.414799017
Assay 1,Tbx6b>Crbn,Embryo#2,8,10285201,23714553,0.433708407
Assay 1,Tbx6b>Crbn,Embryo#2,9,10264305,13092352,0.783992441
Assay 1,Tbx6b>Crbn,Embryo#2,10,9658298,15032596,0.642490359
Assay 1,Tbx6b>Crbn,Embryo#2,11,6303731,18011641,0.349980937
Assay 1,Tbx6b>Crbn,Embryo#2,12,12895594,18906918,0.682056906
Assay 1,Tbx6b>Crbn,Embryo#2,13,9885350,19925397,0.496118095
Assay 1,Tbx6b>Crbn,Embryo#2,14,13230499,21760413,0.608007716
Assay 1,Tbx6b>Crbn,Embryo#2,15,6716249,18465534,0.363718103
Assay 1,Tbx6b>Crbn,Embryo#2,16,11628841,10258417,1.133590202
Assay 1,Tbx6b>Crbn,Embryo#2,17,7688926,10397060,0.739528867
Assay 1,Tbx6b>Crbn,Embryo#2,18,9365400,10696419,0.875564056
Assay 1,Tbx6b>Crbn,Embryo#2,19,10188569,19310455,0.527619313
Assay 1,Tbx6b>Crbn,Embryo#2,20,7404783,8243964,0.898206615
Assay 1,Tbx6b>Crbn,Embryo#2,21,15830241,33129252,0.477832732
Assay 1,Tbx6b>Crbn,Embryo#2,22,7632432,16278568,0.468863846
Assay 1,Tbx6b>Crbn,Embryo#2,23,12188408,23903445,0.509901732
Assay 1,Tbx6b>Crbn,Embryo#2,24,2102403,3685096,0.570515124
Assay 1,Tbx6b>Crbn,Embryo#2,25,21612529,31632140,0.68324587
Assay 1,Tbx6b>Crbn,Embryo#2,26,1948175,3427109,0.56846018
Assay 1,Tbx6b>Crbn,Embryo#2,27,186898,410103,0.455734291
Assay 1,Tbx6b>Crbn,Embryo#2,28,11956175,16747726,0.713898412
Assay 1,Tbx6b>Crbn,Embryo#2,29,7408171,14957468,0.495282423
Assay 1,Tbx6b>Crbn,Embryo#2,30,5581929,11019437,0.506553012
Assay 1,Tbx6b>Crbn,Embryo#3,1,11740933,24678129,0.475762688
Assay 1,Tbx6b>Crbn,Embryo#3,2,20822603,15669637,1.328850375
Assay 1,Tbx6b>Crbn,Embryo#3,3,20074862,16063711,1.249702637
Assay 1,Tbx6b>Crbn,Embryo#3,4,6397379,8232717,0.777067765
Assay 1,Tbx6b>Crbn,Embryo#3,5,10371937,11875884,0.873361259
Assay 1,Tbx6b>Crbn,Embryo#3,6,2202139,4201688,0.524108168
Assay 1,Tbx6b>Crbn,Embryo#3,7,9900828,18871307,0.52464983
Assay 1,Tbx6b>Crbn,Embryo#3,8,767622,1821550,0.421411435
Assay 1,Tbx6b>Crbn,Embryo#3,9,19712646,19986113,0.986317149
Assay 1,Tbx6b>Crbn,Embryo#3,10,10119590,19279556,0.524887088
Assay 1,Tbx6b>Crbn,Embryo#3,11,327688,843140,0.388651944
Assay 1,Tbx6b>Crbn,Embryo#3,12,3393850,4972448,0.682531019
Assay 1,Tbx6b>Crbn,Embryo#3,13,6707433,13485857,0.497367946
Assay 1,Tbx6b>Crbn,Embryo#3,14,6044219,12235488,0.49399084
Assay 1,Tbx6b>Crbn,Embryo#3,15,6584514,8799552,0.748278321
Assay 1,Tbx6b>Crbn,Embryo#3,16,12094304,16152399,0.748762088
Assay 1,Tbx6b>Crbn,Embryo#3,17,13228037,15277520,0.865849758
Assay 1,Tbx6b>Crbn,Embryo#3,18,9672053,19399215,0.498579607
Assay 1,Tbx6b>Crbn,Embryo#3,19,5721284,14265861,0.401047227
Assay 1,Tbx6b>Crbn,Embryo#3,20,20196452,21529177,0.938096798
Assay 1,Tbx6b>Crbn,Embryo#3,21,5206246,13008231,0.400227056
Assay 1,Tbx6b>Crbn,Embryo#3,22,10452973,20552414,0.508600741
Assay 1,Tbx6b>Crbn,Embryo#3,23,13363290,19775928,0.675735167
Assay 1,Tbx6b>Crbn,Embryo#3,24,7039820,14963599,0.470463022
Assay 1,Tbx6b>Crbn,Embryo#3,25,13681792,30701519,0.445638928
Assay 1,Tbx6b>Crbn,Embryo#3,26,1566,14129,0.110835869
Assay 1,Tbx6b>Crbn,Embryo#3,27,2632550,4831872,0.544830244
Assay 1,Tbx6b>Crbn,Embryo#3,28,5762350,8042940,0.716448214
Assay 1,Tbx6b>Crbn,Embryo#3,29,10467115,18970059,0.551770292
Assay 1,Tbx6b>Crbn,Embryo#3,30,6475404,8326619,0.777675068
Assay 1,Tbx6b>Crbn,Embryo#3,31,28403828,40536005,0.70070615
Assay 1,Tbx6b>Crbn,Embryo#3,32,12723151,30063690,0.423206566
Assay 1,Tbx6b>Crbn,Embryo#3,33,12155181,20020719,0.607130094
Assay 1,Tbx6b>Crbn,Embryo#3,34,11854477,31713315,0.373801257
Assay 1,Tbx6b>Crbn,Embryo#3,35,1632351,2175962,0.750174406
Assay 1,Tbx6b>Crbn,Embryo#3,36,4460231,7740565,0.576215173
Assay 1,Tbx6b>Crbn,Embryo#3,37,9662197,15135794,0.638367369
Assay 1,Tbx6b>Crbn,Embryo#3,38,990464,1947301,0.508634258
Assay 1,Tbx6b>Crbn,Embryo#4,1,7260571,25882197,0.280523752
Assay 1,Tbx6b>Crbn,Embryo#4,2,8285353,23850214,0.347391139
Assay 1,Tbx6b>Crbn,Embryo#4,3,6508340,14850111,0.438268778
Assay 1,Tbx6b>Crbn,Embryo#4,4,11693799,15227769,0.767925952
Assay 1,Tbx6b>Crbn,Embryo#4,5,8490317,23052013,0.368311305
Assay 1,Tbx6b>Crbn,Embryo#4,6,6227703,13010723,0.478659257
Assay 1,Tbx6b>Crbn,Embryo#4,7,8815769,21649561,0.40720313
Assay 1,Tbx6b>Crbn,Embryo#4,8,7982023,16043563,0.497521841
Assay 1,Tbx6b>Crbn,Embryo#4,9,5871839,17135349,0.342674024
Assay 1,Tbx6b>Crbn,Embryo#4,10,7026928,24060279,0.292055134
Assay 1,Tbx6b>Crbn,Embryo#4,11,10781730,25053609,0.430346382
Assay 1,Tbx6b>Crbn,Embryo#4,12,6125801,24379519,0.251268329
Assay 1,Tbx6b>Crbn,Embryo#4,13,5329703,19353669,0.275384631
Assay 1,Tbx6b>Crbn,Embryo#4,14,12380941,27762324,0.445961981
Assay 1,Tbx6b>Crbn,Embryo#4,15,5514049,13461996,0.409601147
Assay 1,Tbx6b>Crbn,Embryo#4,16,3655708,5423909,0.673998771
Assay 1,Tbx6b>Crbn,Embryo#4,17,3642403,10711065,0.340059835
Assay 1,Tbx6b>Crbn,Embryo#4,18,5652748,13120224,0.430842339
Assay 1,Tbx6b>Crbn,Embryo#4,19,3520398,9108032,0.38651577
Assay 1,Tbx6b>Crbn,Embryo#4,20,9725128,20706293,0.469670163
Assay 1,Tbx6b>Crbn,Embryo#4,21,3583937,9388378,0.381741873
Assay 1,Tbx6b>Crbn,Embryo#4,22,4006789,5253356,0.762710351
Assay 1,Tbx6b>Crbn,Embryo#4,23,7141609,15163681,0.470968032
Assay 1,Tbx6b>Crbn,Embryo#4,24,6451497,20368300,0.316742045
Assay 1,Tbx6b>Crbn,Embryo#4,25,7371374,18810190,0.391881953
Assay 1,Tbx6b>Crbn,Embryo#4,26,6419343,11416616,0.562280714
Assay 1,Tbx6b>Crbn,Embryo#4,27,9522466,15288996,0.622831349
Assay 1,Tbx6b>Crbn,Embryo#4,28,6347725,7918429,0.801639441
Assay 1,Tbx6b>Crbn,Embryo#4,29,7105931,15508733,0.458189009
Assay 1,Tbx6b>Crbn,Embryo#5,1,7572290,18742840,0.404009745
Assay 1,Tbx6b>Crbn,Embryo#5,2,13634251,19338825,0.705019617
Assay 1,Tbx6b>Crbn,Embryo#5,3,5698235,9903618,0.575369022
Assay 1,Tbx6b>Crbn,Embryo#5,4,25338075,40435408,0.626630873
Assay 1,Tbx6b>Crbn,Embryo#5,5,4716399,11839282,0.398368668
Assay 1,Tbx6b>Crbn,Embryo#5,6,8688485,16700525,0.520252208
Assay 1,Tbx6b>Crbn,Embryo#5,7,6118154,16606450,0.368420343
Assay 1,Tbx6b>Crbn,Embryo#5,8,10149112,20731285,0.489555375
Assay 1,Tbx6b>Crbn,Embryo#5,9,5610109,13925759,0.402858401
Assay 1,Tbx6b>Crbn,Embryo#5,10,19924080,17059780,1.167897828
Assay 1,Tbx6b>Crbn,Embryo#5,11,17315736,13415607,1.290715806
Assay 1,Tbx6b>Crbn,Embryo#5,12,28597349,26069548,1.096963745
Assay 1,Tbx6b>Crbn,Embryo#5,13,21374130,23937145,0.892927289
Assay 1,Tbx6b>Crbn,Embryo#5,14,22830853,33955352,0.672378628
Assay 1,Tbx6b>Crbn,Embryo#5,15,26139010,37356817,0.699711916
Assay 1,Tbx6b>Crbn,Embryo#5,16,18380630,16720624,1.09927895
Assay 1,Tbx6b>Crbn,Embryo#5,17,5909228,9394352,0.629019223
Assay 1,Tbx6b>Crbn,Embryo#5,18,7588840,7741357,0.980298415
Assay 1,Tbx6b>Crbn,Embryo#5,19,10585577,20751220,0.510118297
Assay 1,Tbx6b>Crbn,Embryo#5,20,16742911,18713174,0.894712516
Assay 1,Tbx6b>Crbn,Embryo#5,21,2205947,2737175,0.805921068
Assay 1,Tbx6b>Crbn,Embryo#5,22,3399431,4043794,0.840653851
Assay 1,Tbx6b>Crbn,Embryo#5,23,1866637,3526689,0.529288803
Assay 1,Tbx6b>Crbn,Embryo#5,24,8428327,14696349,0.573498016
Assay 1,Tbx6b>Crbn,Embryo#5,25,9454823,14330226,0.659781849
Assay 1,Tbx6b>Crbn,Embryo#5,26,7624147,13850430,0.550462838
Assay 2,Tbx6b>Crbn,Embryo#1,1,17530694,19330523,0.906891862
Assay 2,Tbx6b>Crbn,Embryo#1,2,15272538,14232000,1.073112563
Assay 2,Tbx6b>Crbn,Embryo#1,3,13860881,20814061,0.665938329
Assay 2,Tbx6b>Crbn,Embryo#1,4,19452017,22182210,0.876919703
Assay 2,Tbx6b>Crbn,Embryo#1,5,25285254,25543261,0.989899215
Assay 2,Tbx6b>Crbn,Embryo#1,6,5238887,8720146,0.600779735
Assay 2,Tbx6b>Crbn,Embryo#1,7,42127374,48157017,0.874792016
Assay 2,Tbx6b>Crbn,Embryo#1,8,7889951,6467793,1.219883042
Assay 2,Tbx6b>Crbn,Embryo#1,9,9941217,14417443,0.689527054
Assay 2,Tbx6b>Crbn,Embryo#1,10,23007862,23251110,0.98953822
Assay 2,Tbx6b>Crbn,Embryo#1,11,6814570,18411875,0.370118198
Assay 2,Tbx6b>Crbn,Embryo#1,12,15715957,21793784,0.721121077
Assay 2,Tbx6b>Crbn,Embryo#1,13,21155940,26020169,0.813059285
Assay 2,Tbx6b>Crbn,Embryo#1,14,7998504,6667156,1.199687543
Assay 2,Tbx6b>Crbn,Embryo#1,15,4104658,4482327,0.915742649
Assay 2,Tbx6b>Crbn,Embryo#1,16,4570647,8784487,0.520308926
Assay 2,Tbx6b>Crbn,Embryo#1,17,36703488,41643555,0.881372592
Assay 2,Tbx6b>Crbn,Embryo#1,18,27237757,39945247,0.681877296
Assay 2,Tbx6b>Crbn,Embryo#1,19,14419209,11927216,1.208933334
Assay 2,Tbx6b>Crbn,Embryo#1,20,25139347,29200393,0.860924954
Assay 2,Tbx6b>Crbn,Embryo#1,21,16020152,19797031,0.809219928
Assay 2,Tbx6b>Crbn,Embryo#1,22,17331715,25341502,0.683926115
Assay 2,Tbx6b>Crbn,Embryo#1,23,17555789,13472330,1.303099687
Assay 2,Tbx6b>Crbn,Embryo#1,24,37737622,38636702,0.976729898
Assay 2,Tbx6b>Crbn,Embryo#1,25,9462724,16149708,0.585937777
Assay 2,Tbx6b>Crbn,Embryo#1,26,15238660,18995171,0.802238632
Assay 2,Tbx6b>Crbn,Embryo#1,27,13410134,27916970,0.48035779
Assay 2,Tbx6b>Crbn,Embryo#1,28,39773938,49775119,0.799072685
Assay 2,Tbx6b>Crbn,Embryo#1,29,17662974,13816284,1.27841712
Assay 2,Tbx6b>Crbn,Embryo#1,30,16947993,13343428,1.270137854
Assay 2,Tbx6b>Crbn,Embryo#1,31,5991953,9089358,0.659227307
Assay 2,Tbx6b>Crbn,Embryo#1,32,5416414,10088612,0.536883964
Assay 2,Tbx6b>Crbn,Embryo#1,33,24351396,24179023,1.007129031
Assay 2,Tbx6b>Crbn,Embryo#1,34,7555390,19066466,0.396265884
Assay 2,Tbx6b>Crbn,Embryo#2,1,16293737,23137607,0.70421012
Assay 2,Tbx6b>Crbn,Embryo#2,2,5524452,5361970,1.030302669
Assay 2,Tbx6b>Crbn,Embryo#2,3,20682336,19836789,1.042625195
Assay 2,Tbx6b>Crbn,Embryo#2,4,9258802,8159040,1.134790613
Assay 2,Tbx6b>Crbn,Embryo#2,5,24013278,21091392,1.138534526
Assay 2,Tbx6b>Crbn,Embryo#2,6,21512607,20109641,1.06976584
Assay 2,Tbx6b>Crbn,Embryo#2,7,14186817,26850286,0.528367445
Assay 2,Tbx6b>Crbn,Embryo#2,8,26511106,21311079,1.244005806
Assay 2,Tbx6b>Crbn,Embryo#2,9,13925439,28112800,0.495341588
Assay 2,Tbx6b>Crbn,Embryo#2,10,16458721,24484656,0.672205523
Assay 2,Tbx6b>Crbn,Embryo#2,11,19139519,19782837,0.967481004
Assay 2,Tbx6b>Crbn,Embryo#2,12,20006334,26793935,0.746673977
Assay 2,Tbx6b>Crbn,Embryo#2,13,1038364,2347748,0.442280858
Assay 2,Tbx6b>Crbn,Embryo#2,14,29990637,17487837,1.71494262
Assay 2,Tbx6b>Crbn,Embryo#2,15,15600860,20259121,0.770065987
Assay 2,Tbx6b>Crbn,Embryo#2,16,936317,2593249,0.361059428
Assay 2,Tbx6b>Crbn,Embryo#2,17,37995150,46758140,0.812588995
Assay 2,Tbx6b>Crbn,Embryo#2,18,21289242,21776677,0.977616649
Assay 2,Tbx6b>Crbn,Embryo#2,19,22115218,28889742,0.765504171
Assay 2,Tbx6b>Crbn,Embryo#2,20,12432116,27247793,0.456261393
Assay 2,Tbx6b>Crbn,Embryo#2,21,13928018,10967984,1.269879497
Assay 2,Tbx6b>Crbn,Embryo#2,22,4896047,4606956,1.062750979
Assay 2,Tbx6b>Crbn,Embryo#2,23,12682727,21390399,0.592916803
Assay 2,Tbx6b>Crbn,Embryo#2,24,16100875,18440647,0.873118769
Assay 2,Tbx6b>Crbn,Embryo#2,25,14444631,30238385,0.477691881
Assay 2,Tbx6b>Crbn,Embryo#2,26,21414469,25072413,0.854104828
Assay 2,Tbx6b>Crbn,Embryo#2,27,16924722,21708812,0.779624514
Assay 2,Tbx6b>Crbn,Embryo#2,28,20250559,14734073,1.37440333
Assay 2,Tbx6b>Crbn,Embryo#2,29,8163964,18257017,0.44716856
Assay 2,Tbx6b>Crbn,Embryo#2,30,12974410,30486544,0.425578249
Assay 2,Tbx6b>Crbn,Embryo#2,31,18442865,17211591,1.071537489
Assay 2,Tbx6b>Crbn,Embryo#2,32,10416120,17048019,0.610987118
Assay 2,Tbx6b>Crbn,Embryo#2,33,21487240,21422047,1.003043267
Assay 2,Tbx6b>Crbn,Embryo#2,34,17564296,26433544,0.664469963
Assay 2,Tbx6b>Crbn,Embryo#2,35,25867483,15166822,1.705530862
Assay 2,Tbx6b>Crbn,Embryo#2,36,10122024,19730089,0.513024751
Assay 2,Tbx6b>Crbn,Embryo#2,37,9767753,18562328,0.526213792
Assay 2,Tbx6b>Crbn,Embryo#2,38,19404141,27368520,0.708994896
Assay 2,Tbx6b>Crbn,Embryo#3,1,12654116,23686442,0.534234563
Assay 2,Tbx6b>Crbn,Embryo#3,2,29907583,36114040,0.828142822
Assay 2,Tbx6b>Crbn,Embryo#3,3,3932049,8113697,0.484618664
Assay 2,Tbx6b>Crbn,Embryo#3,4,62135854,77005604,0.806900417
Assay 2,Tbx6b>Crbn,Embryo#3,5,24350784,20013277,1.216731473
Assay 2,Tbx6b>Crbn,Embryo#3,6,27753625,29848956,0.929802201
Assay 2,Tbx6b>Crbn,Embryo#3,7,9451002,11173322,0.845854259
Assay 2,Tbx6b>Crbn,Embryo#3,8,7048850,6565869,1.073559341
Assay 2,Tbx6b>Crbn,Embryo#3,9,8541220,18796815,0.454397194
Assay 2,Tbx6b>Crbn,Embryo#3,10,14610316,29326242,0.498199394
Assay 2,Tbx6b>Crbn,Embryo#3,11,9771208,8247584,1.184735797
Assay 2,Tbx6b>Crbn,Embryo#3,12,27775718,42030588,0.660845335
Assay 2,Tbx6b>Crbn,Embryo#3,13,16361135,20527766,0.797024625
Assay 2,Tbx6b>Crbn,Embryo#3,14,22094635,24594839,0.898344364
Assay 2,Tbx6b>Crbn,Embryo#3,15,3106361,3734509,0.83179904
Assay 2,Tbx6b>Crbn,Embryo#3,16,3723460,7065281,0.527008055
Assay 2,Tbx6b>Crbn,Embryo#3,17,16323496,27693708,0.589429772
Assay 2,Tbx6b>Crbn,Embryo#3,18,27563137,28782644,0.957630473
Assay 2,Tbx6b>Crbn,Embryo#3,19,6520381,9327424,0.699054852
Assay 2,Tbx6b>Crbn,Embryo#3,20,13366940,13887863,0.962490773
Assay 2,Tbx6b>Crbn,Embryo#3,21,17479875,33733331,0.518178148
Assay 2,Tbx6b>Crbn,Embryo#3,22,15118330,20091025,0.752491722
Assay 2,Tbx6b>Crbn,Embryo#3,23,1777146,2920553,0.608496405
Assay 2,Tbx6b>Crbn,Embryo#3,24,15287510,22246841,0.687176665
Assay 2,Tbx6b>Crbn,Embryo#3,25,9545328,18501218,0.515929708
Assay 2,Tbx6b>Crbn,Embryo#3,26,16639010,32137949,0.517737146
Assay 2,Tbx6b>Crbn,Embryo#3,27,16099574,19638811,0.81978354
Assay 2,Tbx6b>Crbn,Embryo#3,28,49496305,54947344,0.900795223
Assay 2,Tbx6b>Crbn,Embryo#3,29,21869135,16968735,1.288789942
Assay 2,Tbx6b>Crbn,Embryo#3,30,9934267,18530985,0.536089528
Assay 2,Tbx6b>Crbn,Embryo#3,31,26624752,29767076,0.894436256
Assay 2,Tbx6b>Crbn,Embryo#3,32,31571768,29866460,1.057097761
Assay 2,Tbx6b>Crbn,Embryo#3,33,32520869,54434275,0.597433676
Assay 2,Tbx6b>Crbn,Embryo#3,34,18828634,15893540,1.184672137
Assay 2,Tbx6b>Crbn,Embryo#3,35,17780525,31142409,0.570942505
Assay 2,Tbx6b>Crbn,Embryo#3,36,6557277,8739460,0.750306884
Assay 2,Tbx6b>Crbn,Embryo#4,1,20505179,16545539,1.23931768
Assay 2,Tbx6b>Crbn,Embryo#4,2,27419173,18661201,1.469314488
Assay 2,Tbx6b>Crbn,Embryo#4,3,15248707,34950142,0.436298857
Assay 2,Tbx6b>Crbn,Embryo#4,4,20194692,31475868,0.641592855
Assay 2,Tbx6b>Crbn,Embryo#4,5,21306833,28912053,0.736953305
Assay 2,Tbx6b>Crbn,Embryo#4,6,6805275,8696677,0.782514402
Assay 2,Tbx6b>Crbn,Embryo#4,7,11308281,21953371,0.515104537
Assay 2,Tbx6b>Crbn,Embryo#4,8,49001833,87838429,0.557863267
Assay 2,Tbx6b>Crbn,Embryo#4,9,11630344,24233903,0.479920383
Assay 2,Tbx6b>Crbn,Embryo#4,10,12867903,31388533,0.40995554
Assay 2,Tbx6b>Crbn,Embryo#4,11,21406356,32178151,0.66524506
Assay 2,Tbx6b>Crbn,Embryo#4,12,23993110,32991424,0.727252937
Assay 2,Tbx6b>Crbn,Embryo#4,13,10678376,26610675,0.401281666
Assay 2,Tbx6b>Crbn,Embryo#4,14,5524676,5810561,0.950799071
Assay 2,Tbx6b>Crbn,Embryo#4,15,1918206,3596070,0.533417314
Assay 2,Tbx6b>Crbn,Embryo#4,16,5257757,7820508,0.672303769
Assay 2,Tbx6b>Crbn,Embryo#4,17,22662666,38191487,0.593395748
Assay 2,Tbx6b>Crbn,Embryo#4,18,10310955,22273900,0.462916463
Assay 2,Tbx6b>Crbn,Embryo#4,19,25461784,30184728,0.843532001
Assay 2,Tbx6b>Crbn,Embryo#4,20,15695203,21427963,0.732463604
Assay 2,Tbx6b>Crbn,Embryo#4,21,8935586,9872121,0.905133355
Assay 2,Tbx6b>Crbn,Embryo#4,22,10866349,24903094,0.436345339
Assay 2,Tbx6b>Crbn,Embryo#4,23,42860169,35957798,1.191957555
Assay 2,Tbx6b>Crbn,Embryo#4,24,16952752,26326737,0.643936694
Assay 2,Tbx6b>Crbn,Embryo#4,25,5677880,8091938,0.701671219
Assay 2,Tbx6b>Crbn,Embryo#4,26,2151509,2614392,0.822948127
Assay 2,Tbx6b>Crbn,Embryo#4,27,21083919,25550111,0.825198724
Assay 2,Tbx6b>Crbn,Embryo#4,28,8258348,8763469,0.942360611
Assay 2,Tbx6b>Crbn,Embryo#4,29,15674390,26589875,0.589487164
Assay 2,Tbx6b>Crbn,Embryo#4,30,14918572,24204469,0.616356095
Assay 2,Tbx6b>Crbn,Embryo#4,31,6610038,5515430,1.198462858
Assay 2,Tbx6b>Crbn,Embryo#4,32,1511602,2915136,0.51853567
Assay 2,Tbx6b>Crbn,Embryo#4,33,30734573,37230229,0.825527369
Assay 2,Tbx6b>Crbn,Embryo#4,34,4252014,4174949,1.018458908
Assay 2,Tbx6b>Crbn,Embryo#4,35,6411487,5971693,1.073646452
Assay 2,Tbx6b>Crbn,Embryo#4,36,9884880,21869536,0.451993129
Assay 2,Tbx6b>Crbn,Embryo#5,1,11067873,17407348,0.635816151
Assay 2,Tbx6b>Crbn,Embryo#5,2,21897070,28554353,0.766855758
Assay 2,Tbx6b>Crbn,Embryo#5,3,11201171,17470385,0.641151927
Assay 2,Tbx6b>Crbn,Embryo#5,4,23367922,20768658,1.1251532
Assay 2,Tbx6b>Crbn,Embryo#5,5,18516678,30993154,0.597444132
Assay 2,Tbx6b>Crbn,Embryo#5,6,25931310,24591735,1.05447257
Assay 2,Tbx6b>Crbn,Embryo#5,7,21788270,30568382,0.712771451
Assay 2,Tbx6b>Crbn,Embryo#5,8,14925614,21343768,0.699296113
Assay 2,Tbx6b>Crbn,Embryo#5,9,15660284,31388526,0.498917471
Assay 2,Tbx6b>Crbn,Embryo#5,10,9596025,26260381,0.365418346
Assay 2,Tbx6b>Crbn,Embryo#5,11,14369400,31929225,0.45003911
Assay 2,Tbx6b>Crbn,Embryo#5,12,19722713,18988493,1.038666576
Assay 2,Tbx6b>Crbn,Embryo#5,13,23396883,21036602,1.112198776
Assay 2,Tbx6b>Crbn,Embryo#5,14,13294657,19603211,0.678187721
Assay 2,Tbx6b>Crbn,Embryo#5,15,18557098,23244015,0.798360266
Assay 2,Tbx6b>Crbn,Embryo#5,16,9595006,22754694,0.421671502
Assay 2,Tbx6b>Crbn,Embryo#5,17,20749029,16616313,1.248714381
Assay 2,Tbx6b>Crbn,Embryo#5,18,12645683,20187269,0.62641871
Assay 2,Tbx6b>Crbn,Embryo#5,19,12721743,18643978,0.68235132
Assay 2,Tbx6b>Crbn,Embryo#5,20,15375527,17961933,0.856006255
Assay 2,Tbx6b>Crbn,Embryo#5,21,14450956,16934009,0.853368863
Assay 2,Tbx6b>Crbn,Embryo#5,22,26280442,22332623,1.176773637
Assay 2,Tbx6b>Crbn,Embryo#5,23,8920343,7569582,1.178445917
Assay 2,Tbx6b>Crbn,Embryo#5,24,20321529,29682705,0.684625239
Assay 2,Tbx6b>Crbn,Embryo#5,25,4403640,7691021,0.572568974
Assay 2,Tbx6b>Crbn,Embryo#5,26,6195605,6565177,0.94370723
Assay 2,Tbx6b>Crbn,Embryo#5,27,14855941,13886583,1.069805365
Assay 2,Tbx6b>Crbn,Embryo#5,28,27984399,23819552,1.17484993
Assay 2,Tbx6b>Crbn,Embryo#5,29,10640070,7584679,1.40283722
Assay 2,Tbx6b>Crbn,Embryo#5,30,21833736,30788143,0.709160536
Assay 2,Tbx6b>Crbn,Embryo#5,31,18096395,22579622,0.801448093
Assay 2,Tbx6b>Crbn,Embryo#5,32,50551973,48365522,1.045206811
Assay 2,Tbx6b>Crbn,Embryo#5,33,15888607,15852128,1.002301205
Assay 2,Tbx6b>Crbn,Embryo#5,34,12496812,14519867,0.860669867
Assay 2,Tbx6b>Crbn,Embryo#5,35,13064285,14988244,0.871635463
Assay 2,Tbx6b>Crbn,Embryo#5,36,14926186,22188038,0.672713198
Assay 3,Tbx6b>Crbn,Embryo#1,1,18057966,21978214,0.821630274
Assay 3,Tbx6b>Crbn,Embryo#1,2,2901325,3596760,0.806649596
Assay 3,Tbx6b>Crbn,Embryo#1,3,6493817,6355243,1.021804674
Assay 3,Tbx6b>Crbn,Embryo#1,4,15467135,17618829,0.877875312
Assay 3,Tbx6b>Crbn,Embryo#1,5,16203676,17172667,0.943573645
Assay 3,Tbx6b>Crbn,Embryo#1,6,11100310,17971848,0.617649893
Assay 3,Tbx6b>Crbn,Embryo#1,7,11522237,15899749,0.724680434
Assay 3,Tbx6b>Crbn,Embryo#1,8,12261238,18485431,0.663291973
Assay 3,Tbx6b>Crbn,Embryo#1,9,15037223,13555159,1.109335789
Assay 3,Tbx6b>Crbn,Embryo#1,10,14800424,19424072,0.761962991
Assay 3,Tbx6b>Crbn,Embryo#1,11,9484252,10726248,0.884209651
Assay 3,Tbx6b>Crbn,Embryo#1,12,10684064,11859105,0.900916553
Assay 3,Tbx6b>Crbn,Embryo#1,13,10521868,11747822,0.895644146
Assay 3,Tbx6b>Crbn,Embryo#1,14,18941377,23226879,0.815493851
Assay 3,Tbx6b>Crbn,Embryo#1,15,7635008,6744727,1.131996595
Assay 3,Tbx6b>Crbn,Embryo#1,16,5984496,6616732,0.904448903
Assay 3,Tbx6b>Crbn,Embryo#1,17,7896129,8656590,0.91215236
Assay 3,Tbx6b>Crbn,Embryo#1,18,7498644,8231482,0.910971317
Assay 3,Tbx6b>Crbn,Embryo#1,19,8696550,10497377,0.828449812
Assay 3,Tbx6b>Crbn,Embryo#1,20,5773965,7283398,0.792757035
Assay 3,Tbx6b>Crbn,Embryo#1,21,5207121,4952715,1.051366978
Assay 3,Tbx6b>Crbn,Embryo#1,22,6851263,8238154,0.83165027
Assay 3,Tbx6b>Crbn,Embryo#1,23,5458705,8415595,0.648641599
Assay 3,Tbx6b>Crbn,Embryo#1,24,5451504,7751038,0.703325671
Assay 3,Tbx6b>Crbn,Embryo#1,25,5620568,6662361,0.843630058
Assay 3,Tbx6b>Crbn,Embryo#1,26,4232397,5728747,0.738799776
Assay 3,Tbx6b>Crbn,Embryo#1,27,1893541,2237544,0.846258666
Assay 3,Tbx6b>Crbn,Embryo#2,1,15247969,12848891,1.186714791
Assay 3,Tbx6b>Crbn,Embryo#2,2,6815112,8961642,0.760475815
Assay 3,Tbx6b>Crbn,Embryo#2,3,6504756,9805090,0.663406047
Assay 3,Tbx6b>Crbn,Embryo#2,4,10132378,8944847,1.132761466
Assay 3,Tbx6b>Crbn,Embryo#2,5,7367965,11279062,0.653242708
Assay 3,Tbx6b>Crbn,Embryo#2,6,14180149,11399261,1.243953358
Assay 3,Tbx6b>Crbn,Embryo#2,7,7898153,8805369,0.896970133
Assay 3,Tbx6b>Crbn,Embryo#2,8,8294535,9525502,0.87077143
Assay 3,Tbx6b>Crbn,Embryo#2,9,7862841,11223190,0.700588781
Assay 3,Tbx6b>Crbn,Embryo#2,10,4630689,5341377,0.866946669
Assay 3,Tbx6b>Crbn,Embryo#2,11,6569560,11273124,0.582763039
Assay 3,Tbx6b>Crbn,Embryo#2,12,6944408,6720100,1.03337867
Assay 3,Tbx6b>Crbn,Embryo#2,13,6095598,9150556,0.666145095
Assay 3,Tbx6b>Crbn,Embryo#2,14,6595996,7413914,0.889677976
Assay 3,Tbx6b>Crbn,Embryo#2,15,5703632,8447167,0.675212411
Assay 3,Tbx6b>Crbn,Embryo#2,16,1478765,2601088,0.568517866
Assay 3,Tbx6b>Crbn,Embryo#2,17,3348023,4361809,0.76757671
Assay 3,Tbx6b>Crbn,Embryo#2,18,5274307,6732631,0.783394634
Assay 3,Tbx6b>Crbn,Embryo#2,19,1993683,2367635,0.842056736
Assay 3,Tbx6b>Crbn,Embryo#2,20,4712568,5129231,0.918766965
Assay 3,Tbx6b>Crbn,Embryo#2,21,1049529,1416059,0.741161915
Assay 3,Tbx6b>Crbn,Embryo#2,22,8584781,11980634,0.716554817
Assay 3,Tbx6b>Crbn,Embryo#3,1,8077561,10393534,0.777171749
Assay 3,Tbx6b>Crbn,Embryo#3,2,5098157,7813522,0.652478741
Assay 3,Tbx6b>Crbn,Embryo#3,3,10789931,11899445,0.906759181
Assay 3,Tbx6b>Crbn,Embryo#3,4,2242199,4027572,0.556712332
Assay 3,Tbx6b>Crbn,Embryo#3,5,1545745,5189919,0.297836055
Assay 3,Tbx6b>Crbn,Embryo#3,6,5576134,9883856,0.564165848
Assay 3,Tbx6b>Crbn,Embryo#3,7,10869354,14169951,0.767070684
Assay 3,Tbx6b>Crbn,Embryo#3,8,6482655,9242943,0.70136265
Assay 3,Tbx6b>Crbn,Embryo#3,9,5742186,9616590,0.59711249
Assay 3,Tbx6b>Crbn,Embryo#3,10,9939206,11527383,0.862225711
Assay 3,Tbx6b>Crbn,Embryo#3,11,6569787,11507992,0.570889083
Assay 3,Tbx6b>Crbn,Embryo#3,12,17051266,22983318,0.741897493
Assay 3,Tbx6b>Crbn,Embryo#3,13,5905896,9087359,0.649902353
Assay 3,Tbx6b>Crbn,Embryo#3,14,15333132,17830559,0.859935575
Assay 3,Tbx6b>Crbn,Embryo#3,15,3279024,6714400,0.488356964
Assay 3,Tbx6b>Crbn,Embryo#3,16,2875880,7915846,0.363306714
Assay 3,Tbx6b>Crbn,Embryo#3,17,5308941,9654466,0.549894836
Assay 3,Tbx6b>Crbn,Embryo#3,18,9763513,11386255,0.857482377
Assay 3,Tbx6b>Crbn,Embryo#3,19,3314964,6764176,0.490076544
Assay 3,Tbx6b>Crbn,Embryo#3,20,11197683,13797438,0.811576975
Assay 3,Tbx6b>Crbn,Embryo#3,21,3992975,7660214,0.521261547
Assay 3,Tbx6b>Crbn,Embryo#4,1,15658551,10770729,1.453806052
Assay 3,Tbx6b>Crbn,Embryo#4,2,11644020,11238658,1.036068541
Assay 3,Tbx6b>Crbn,Embryo#4,3,12956126,14711815,0.880661292
Assay 3,Tbx6b>Crbn,Embryo#4,4,6417036,7269496,0.882734649
Assay 3,Tbx6b>Crbn,Embryo#4,5,12448710,13424976,0.92727987
Assay 3,Tbx6b>Crbn,Embryo#4,6,6155633,8749414,0.703548032
Assay 3,Tbx6b>Crbn,Embryo#4,7,14550074,16835470,0.864251132
Assay 3,Tbx6b>Crbn,Embryo#4,8,9595773,10508267,0.913164178
Assay 3,Tbx6b>Crbn,Embryo#4,9,11116675,12396319,0.89677226
Assay 3,Tbx6b>Crbn,Embryo#4,10,8161666,13428150,0.607802713
Assay 3,Tbx6b>Crbn,Embryo#4,11,7206502,8336392,0.864462948
Assay 3,Tbx6b>Crbn,Embryo#4,12,7404990,9802116,0.755448109
Assay 3,Tbx6b>Crbn,Embryo#4,13,10847171,8877903,1.221816796
Assay 3,Tbx6b>Crbn,Embryo#4,14,10563926,9337527,1.131340879
Assay 3,Tbx6b>Crbn,Embryo#4,15,9993223,10557175,0.946581164
Assay 3,Tbx6b>Crbn,Embryo#4,16,6631672,9529159,0.695934657
Assay 3,Tbx6b>Crbn,Embryo#4,17,6368485,10942653,0.581987293
Assay 3,Tbx6b>Crbn,Embryo#4,18,12552235,16129666,0.778207993
Assay 3,Tbx6b>Crbn,Embryo#4,19,11978589,18066967,0.66301051
Assay 3,Tbx6b>Crbn,Embryo#4,20,6823908,6023239,1.132929973
Assay 3,Tbx6b>Crbn,Embryo#4,21,4789061,8313637,0.576048846
Assay 3,Tbx6b>Crbn,Embryo#4,22,3125615,3604071,0.867245679
Assay 3,Tbx6b>Crbn,Embryo#4,23,26138359,25063123,1.042901118
Assay 3,Tbx6b>Crbn,Embryo#4,24,4973322,4956862,1.003320649
Assay 3,Tbx6b>Crbn,Embryo#4,25,13530185,15680606,0.862861104
Assay 3,Tbx6b>Crbn,Embryo#4,26,20543146,27441418,0.748618238
Assay 3,Tbx6b>Crbn,Embryo#4,27,9278506,12174687,0.762114541
Assay 3,Tbx6b>Crbn,Embryo#4,28,3702220,4493938,0.82382534
Assay 3,Tbx6b>Crbn,Embryo#4,29,11402846,13840811,0.823856781
Assay 3,Tbx6b>Crbn,Embryo#4,30,9143858,10695737,0.854906773
Assay 3,Tbx6b>Crbn,Embryo#4,31,367049,742819,0.494129795
Assay 3,Tbx6b>Crbn,Embryo#4,32,9076895,10742998,0.844912658
Assay 3,Tbx6b>Crbn,Embryo#4,33,4074942,5202433,0.783276209
Assay 3,Tbx6b>Crbn,Embryo#5,1,2173587,3135925,0.693124676
Assay 3,Tbx6b>Crbn,Embryo#5,2,8786231,11881560,0.73948463
Assay 3,Tbx6b>Crbn,Embryo#5,3,9358007,12523266,0.747249719
Assay 3,Tbx6b>Crbn,Embryo#5,4,7297261,9005422,0.810318606
Assay 3,Tbx6b>Crbn,Embryo#5,5,7844898,8067156,0.972449027
Assay 3,Tbx6b>Crbn,Embryo#5,6,14054167,14732320,0.95396835
Assay 3,Tbx6b>Crbn,Embryo#5,7,8891829,10160154,0.875166754
Assay 3,Tbx6b>Crbn,Embryo#5,8,6931432,7012371,0.988457684
Assay 3,Tbx6b>Crbn,Embryo#5,9,7419803,7581963,0.978612399
Assay 3,Tbx6b>Crbn,Embryo#5,10,3103865,4042601,0.767789104
Assay 3,Tbx6b>Crbn,Embryo#5,11,6612205,7625192,0.867152591
Assay 3,Tbx6b>Crbn,Embryo#5,12,2291153,2906819,0.788199403
Assay 3,Tbx6b>Crbn,Embryo#5,13,6152847,6876575,0.894754583
Assay 3,Tbx6b>Crbn,Embryo#5,14,10726069,11693012,0.917305909
Assay 3,Tbx6b>Crbn,Embryo#5,15,4002934,4771974,0.838842374
Assay 3,Tbx6b>Crbn,Embryo#5,16,9080597,12872499,0.705426118
Assay 3,Tbx6b>Crbn,Embryo#5,17,3398748,4247041,0.800262583
Assay 3,Tbx6b>Crbn,Embryo#5,18,1434380,1370113,1.04690635
Assay 3,Tbx6b>Crbn,Embryo#5,19,13416788,18006567,0.745105272
